Asset_ID,Sector,EAD,PD,LGD
1,Energy,622912.17,0.0166,0.4437
2,Retail,185669.69,0.0295,0.3675
3,Real Estate,732455.8,0.0295,0.3398
4,Healthcare,880696.72,0.021,0.3479
5,Technology,845625.91,0.0204,0.3756
6,Technology,1282888.3,0.0127,0.3824
7,Technology,1052983.08,0.0185,0.3615
8,Retail,780230.03,0.0255,0.3352
9,Healthcare,510868.47,0.0193,0.3772
10,Real Estate,143090.31,0.0494,0.4091
11,Technology,761994.47,0.0106,0.4298
12,Retail,638036.1,0.0307,0.3721
13,Retail,671495.82,0.029,0.3794
14,Technology,194580.48,0.0234,0.3537
15,Technology,227556.71,0.0211,0.3984
16,Technology,1254844.58,0.0162,0.3576
17,Energy,523533.28,0.0231,0.4287
18,Healthcare,932104.82,0.0148,0.3107
19,Energy,552746.46,0.0315,0.382
20,Energy,553382.6,0.0251,0.4151
21,Healthcare,1144670.12,0.0256,0.4092
22,Technology,357597.82,0.0197,0.5347
23,Energy,583556.54,0.0207,0.4175
24,Energy,373315.72,0.0159,0.3498
25,Healthcare,381704.88,0.0108,0.3952
26,Real Estate,421958.52,0.0289,0.3112
27,Technology,645452.58,0.0213,0.396
28,Healthcare,368428.19,0.02,0.3583
29,Healthcare,1475643.76,0.0117,0.4458
30,Technology,264161.03,0.0245,0.3725
31,Healthcare,465330.27,0.0161,0.3942
32,Technology,380109.69,0.0207,0.3682
33,Technology,1719565.68,0.0281,0.4869
34,Retail,632378.78,0.0354,0.3839
35,Retail,1233634.97,0.0284,0.4916
36,Retail,164645.79,0.0247,0.4407
37,Energy,669067.49,0.0121,0.4241
38,Technology,1100972.72,0.0164,0.4184
39,Real Estate,577132.52,0.0385,0.4197
40,Energy,1267281.1,0.0191,0.3036
41,Technology,357242.19,0.0193,0.3861
42,Healthcare,1668570.7,0.0183,0.4423
43,Technology,3399430.58,0.0189,0.3976
44,Retail,404225.9,0.0261,0.3297
45,Energy,378358.71,0.026,0.3974
46,Real Estate,1728401.55,0.0431,0.4852
47,Energy,1911994.92,0.0185,0.4623
48,Healthcare,355653.41,0.0236,0.3969
49,Healthcare,386099.56,0.0176,0.4476
50,Technology,431305.66,0.0201,0.3817
51,Retail,184322.02,0.0342,0.3148
52,Real Estate,259128.26,0.0416,0.3538
53,Retail,241998.64,0.0357,0.4781
54,Retail,292366.07,0.0317,0.3863
55,Healthcare,525577.05,0.0156,0.3878
56,Retail,651720.97,0.0322,0.385
57,Technology,1868040.16,0.0143,0.4952
58,Technology,243121.54,0.0205,0.4813
59,Technology,1187615.32,0.0198,0.5109
60,Energy,455344.21,0.0238,0.392
61,Energy,519399.72,0.0242,0.4148
62,Energy,927136.05,0.0137,0.3242
63,Retail,220096.72,0.0267,0.4738
64,Energy,733753.04,0.0256,0.3416
65,Energy,617331.7,0.026,0.4108
66,Healthcare,801276.22,0.0139,0.3451
67,Technology,681011.8,0.0263,0.3706
68,Retail,3852527.99,0.0248,0.3581
69,Technology,324424.46,0.0248,0.3696
70,Retail,353345.79,0.0326,0.373
71,Real Estate,328235.82,0.0355,0.3726
72,Technology,346493.14,0.0289,0.4417
73,Technology,324516.06,0.014,0.3448
74,Retail,1398923.02,0.0355,0.411
75,Real Estate,1683530.1,0.047,0.4609
76,Real Estate,342286.36,0.0353,0.3743
77,Real Estate,277649.7,0.0497,0.3641
78,Technology,787904.72,0.0187,0.3885
79,Energy,347396.33,0.0267,0.459
80,Technology,896582.38,0.0213,0.4097
81,Retail,635608.71,0.0292,0.3734
82,Healthcare,160717.7,0.0212,0.4242
83,Energy,1863569.25,0.0298,0.3449
84,Technology,2273206.93,0.0113,0.4341
85,Energy,330965.38,0.0328,0.4204
86,Energy,396265.12,0.015,0.3846
87,Real Estate,679214.53,0.0472,0.3581
88,Healthcare,706137.62,0.0225,0.3557
89,Retail,915142.82,0.0235,0.4267
90,Healthcare,2698383.99,0.0164,0.4614
91,Technology,469039.48,0.0145,0.3681
92,Real Estate,285318.74,0.0385,0.4229
93,Real Estate,179251.41,0.0378,0.2956
94,Healthcare,301117.54,0.0211,0.3708
95,Real Estate,526232.51,0.0492,0.3984
96,Healthcare,2270808.04,0.0236,0.3545
97,Healthcare,357149.94,0.0158,0.3532
98,Energy,646307.3,0.0237,0.3666
99,Technology,533311.89,0.0116,0.4146
100,Technology,1398225.68,0.016,0.3906
101,Technology,4079748.66,0.0248,0.2881
102,Healthcare,353382.03,0.0245,0.294
103,Energy,365290.59,0.0176,0.3697
104,Healthcare,1245850.14,0.0156,0.4229
105,Retail,932396.28,0.0298,0.2626
106,Technology,2367549.14,0.0214,0.375
107,Energy,862113.79,0.0201,0.3737
108,Real Estate,405374.39,0.043,0.4694
109,Technology,866765.6,0.0176,0.3807
110,Technology,1311868.3,0.0199,0.4191
111,Energy,1041722.08,0.0283,0.4071
112,Technology,810834.49,0.02,0.2935
113,Retail,1268492.51,0.0274,0.4384
114,Retail,1377025.74,0.0293,0.4108
115,Healthcare,1632669.87,0.0176,0.4254
116,Retail,907971.17,0.0278,0.5963
117,Retail,472742.22,0.0284,0.2958
118,Technology,607660.09,0.028,0.4862
119,Retail,1418637.09,0.0334,0.3856
120,Healthcare,281095.98,0.0168,0.4144
121,Retail,725733.86,0.0342,0.3977
122,Retail,394482.06,0.028,0.3788
123,Energy,552935.07,0.032,0.3715
124,Technology,1502681.13,0.0218,0.4165
125,Technology,629624.73,0.0195,0.3241
126,Energy,560816.61,0.0277,0.4375
127,Retail,182064.28,0.0206,0.3792
128,Retail,981662.51,0.0232,0.3435
129,Technology,905631.12,0.014,0.3775
130,Healthcare,3049852.48,0.0186,0.4629
131,Energy,422429.32,0.0354,0.3732
132,Technology,643913.88,0.0312,0.4179
133,Technology,659677.89,0.0232,0.3635
134,Energy,1908756.66,0.028,0.4379
135,Retail,500700.59,0.0192,0.4343
136,Energy,675505.93,0.0217,0.4924
137,Healthcare,878804.03,0.0148,0.3912
138,Real Estate,627367.2,0.0357,0.4334
139,Energy,378076.98,0.024,0.4049
140,Retail,631133.06,0.0272,0.4648
141,Retail,1275572.17,0.0181,0.3641
142,Energy,237705.49,0.0295,0.4373
143,Healthcare,601015.34,0.0137,0.3903
144,Energy,308631.52,0.0264,0.3968
145,Energy,1405687.83,0.0374,0.4046
146,Technology,159763.6,0.0154,0.4126
147,Healthcare,345539.6,0.01,0.3942
148,Healthcare,730708.21,0.0169,0.4107
149,Technology,1890627.27,0.0255,0.4789
150,Energy,512676.23,0.0368,0.4493
151,Retail,346570.1,0.0226,0.4435
152,Technology,2433705.75,0.0225,0.3772
153,Technology,169666.31,0.0177,0.3555
154,Healthcare,100000.0,0.0176,0.4478
155,Retail,768358.39,0.0459,0.4438
156,Technology,361622.68,0.0125,0.4736
157,Real Estate,238712.16,0.0418,0.3698
158,Real Estate,952347.39,0.0433,0.3885
159,Technology,656738.09,0.0254,0.318
160,Real Estate,344117.03,0.0407,0.3804
161,Energy,194027.75,0.0268,0.4498
162,Healthcare,1085950.14,0.0164,0.3767
163,Healthcare,909055.06,0.0191,0.432
164,Healthcare,499148.69,0.0166,0.3905
165,Technology,2367415.94,0.0231,0.4162
166,Retail,229562.86,0.0278,0.3426
167,Energy,159465.02,0.0273,0.4043
168,Technology,310665.96,0.0199,0.2504
169,Technology,521013.48,0.0256,0.3907
170,Healthcare,656495.79,0.0178,0.3185
171,Real Estate,445526.12,0.0276,0.4603
172,Technology,716149.57,0.0263,0.4389
173,Healthcare,198544.49,0.0144,0.4233
174,Technology,1715151.0,0.0167,0.4761
175,Healthcare,505993.48,0.0156,0.3526
176,Technology,1320916.89,0.0269,0.4874
177,Real Estate,710824.1,0.0251,0.4466
178,Energy,778716.69,0.0438,0.3882
179,Retail,852402.25,0.0363,0.4568
180,Technology,773102.45,0.0211,0.3447
181,Energy,903632.66,0.0247,0.3588
182,Technology,1564883.63,0.0214,0.3696
183,Retail,632361.77,0.0331,0.3736
184,Retail,952840.69,0.0339,0.3472
185,Energy,502932.6,0.0283,0.4612
186,Real Estate,1710153.64,0.0406,0.3871
187,Retail,314546.17,0.0288,0.4176
188,Healthcare,2282432.56,0.0174,0.3715
189,Healthcare,523280.87,0.0172,0.309
190,Technology,172022.39,0.0257,0.4135
191,Technology,598680.61,0.023,0.3044
192,Retail,313375.89,0.0124,0.3966
193,Retail,1058660.34,0.0339,0.3316
194,Healthcare,320584.39,0.0188,0.4994
195,Energy,378152.66,0.0249,0.4456
196,Energy,119177.28,0.0227,0.4053
197,Real Estate,376304.88,0.0479,0.4632
198,Retail,100000.0,0.0357,0.3577
199,Retail,152188.89,0.0254,0.4272
200,Real Estate,992846.87,0.0428,0.41
201,Healthcare,1013216.14,0.0141,0.4132
202,Technology,759462.37,0.0131,0.4636
203,Technology,249301.7,0.0169,0.4366
204,Retail,520128.36,0.0352,0.4144
205,Healthcare,538809.83,0.0218,0.3173
206,Technology,213909.49,0.0226,0.352
207,Technology,1798958.85,0.0236,0.3939
208,Real Estate,1090219.74,0.0436,0.4047
209,Technology,452810.35,0.0168,0.3435
210,Technology,552113.36,0.0222,0.5206
211,Healthcare,638391.01,0.0212,0.4758
212,Real Estate,105515.39,0.0453,0.4301
213,Real Estate,443413.53,0.0483,0.4036
214,Technology,313142.18,0.0235,0.3894
215,Real Estate,242487.15,0.0425,0.3524
216,Technology,431541.85,0.0254,0.4039
217,Energy,2276498.83,0.0248,0.4129
218,Real Estate,902274.69,0.0338,0.3379
219,Healthcare,342167.89,0.0173,0.4167
220,Retail,854324.37,0.0255,0.3922
221,Real Estate,1655285.98,0.0353,0.3046
222,Healthcare,1132238.21,0.0174,0.357
223,Technology,566767.42,0.016,0.3793
224,Energy,322046.29,0.0232,0.4944
225,Energy,944658.39,0.0136,0.4278
226,Technology,740283.36,0.0211,0.3332
227,Retail,1105882.9,0.03,0.4243
228,Energy,898190.48,0.0201,0.3226
229,Retail,1251235.69,0.034,0.4541
230,Healthcare,352149.76,0.0218,0.3764
231,Real Estate,1550232.15,0.0287,0.3953
232,Healthcare,632907.58,0.0149,0.4663
233,Healthcare,2842540.35,0.0149,0.3356
234,Healthcare,311342.77,0.0142,0.3301
235,Technology,2166819.63,0.0241,0.3708
236,Real Estate,633065.16,0.0386,0.4519
237,Energy,320893.83,0.0234,0.324
238,Technology,366917.14,0.01,0.2584
239,Healthcare,418202.96,0.0205,0.3774
240,Technology,758678.03,0.0138,0.4276
241,Retail,820991.79,0.0304,0.46
242,Retail,341478.5,0.0317,0.3768
243,Retail,529938.55,0.0382,0.3794
244,Energy,2999080.46,0.0171,0.4577
245,Technology,2152271.89,0.01,0.3065
246,Retail,766093.06,0.0311,0.3806
247,Energy,557045.82,0.0358,0.4095
248,Retail,594826.51,0.0374,0.4225
249,Retail,882765.06,0.0313,0.3745
250,Retail,238414.48,0.0271,0.4017
251,Energy,439810.3,0.0298,0.2756
252,Energy,142220.33,0.0192,0.3671
253,Retail,743689.21,0.0329,0.4227
254,Energy,906872.14,0.028,0.3509
255,Technology,367122.49,0.0253,0.4029
256,Healthcare,1903470.6,0.029,0.4223
257,Retail,202680.77,0.0324,0.3829
258,Real Estate,167460.05,0.0364,0.4085
259,Healthcare,646650.64,0.0179,0.3519
260,Technology,1248781.26,0.0112,0.3897
261,Healthcare,2078469.06,0.0152,0.4305
262,Retail,374329.83,0.0275,0.4078
263,Technology,1280734.97,0.0174,0.3707
264,Healthcare,523971.84,0.0186,0.4112
265,Retail,470663.26,0.0251,0.4357
266,Real Estate,1095726.26,0.0478,0.2975
267,Real Estate,910599.36,0.04,0.458
268,Real Estate,153106.08,0.0399,0.3832
269,Energy,1760718.07,0.023,0.4213
270,Energy,1629971.49,0.0259,0.4599
271,Retail,327600.4,0.035,0.3314
272,Retail,741657.5,0.0248,0.3645
273,Retail,802288.98,0.0261,0.3856
274,Retail,665663.13,0.0282,0.3608
275,Healthcare,347929.75,0.0126,0.4867
276,Healthcare,315748.51,0.0147,0.3572
277,Real Estate,529430.27,0.0367,0.3722
278,Healthcare,1380813.28,0.0215,0.4102
279,Real Estate,834743.79,0.0418,0.3399
280,Real Estate,401719.17,0.0414,0.3802
281,Retail,1001850.12,0.0351,0.4159
282,Energy,100000.0,0.0242,0.3834
283,Energy,1354594.3,0.0273,0.3953
284,Technology,134353.41,0.0195,0.3735
285,Healthcare,404354.5,0.0191,0.3243
286,Technology,220634.79,0.0171,0.4161
287,Healthcare,191808.9,0.01,0.4877
288,Healthcare,1367727.87,0.0175,0.4009
289,Energy,371698.77,0.0335,0.4113
290,Healthcare,712976.05,0.0217,0.4346
291,Technology,520457.51,0.0248,0.3365
292,Technology,791458.45,0.0262,0.4851
293,Retail,574616.14,0.0305,0.4101
294,Energy,193610.99,0.0262,0.4816
295,Technology,1199018.01,0.0169,0.3633
296,Healthcare,364031.15,0.0167,0.4909
297,Real Estate,155551.86,0.0443,0.4388
298,Technology,383658.41,0.026,0.4277
299,Healthcare,1795165.6,0.0174,0.4117
300,Technology,1066803.54,0.0177,0.3876
301,Technology,408839.65,0.02,0.46
302,Healthcare,408641.63,0.0204,0.407
303,Healthcare,417772.36,0.0122,0.3016
304,Healthcare,2845924.1,0.01,0.3441
305,Real Estate,733474.68,0.0361,0.3907
306,Retail,762252.63,0.0227,0.4155
307,Healthcare,1232095.29,0.016,0.3972
308,Energy,654110.34,0.0241,0.4609
309,Real Estate,439224.65,0.0368,0.3024
310,Energy,461815.21,0.0337,0.4072
311,Energy,510282.1,0.027,0.3091
312,Technology,524511.28,0.0215,0.438
313,Technology,967144.93,0.0231,0.3953
314,Retail,563293.85,0.0232,0.421
315,Retail,971029.44,0.0362,0.3568
316,Real Estate,506574.53,0.0395,0.464
317,Energy,575450.3,0.029,0.4521
318,Technology,109254.95,0.0146,0.4292
319,Technology,1124739.64,0.0122,0.3935
320,Energy,712967.26,0.0299,0.429
321,Healthcare,1200691.37,0.0195,0.3647
322,Real Estate,100000.0,0.0337,0.4428
323,Real Estate,2872518.6,0.0339,0.4825
324,Energy,483268.8,0.0318,0.4535
325,Retail,1311321.88,0.0229,0.3635
326,Real Estate,235172.66,0.05,0.4181
327,Healthcare,882239.75,0.0144,0.3353
328,Healthcare,232644.67,0.0206,0.4286
329,Energy,328070.84,0.023,0.4225
330,Technology,2498559.9,0.023,0.3065
331,Energy,463913.82,0.0217,0.3419
332,Real Estate,643029.77,0.0389,0.3858
333,Technology,1083876.13,0.0202,0.385
334,Technology,803349.8,0.015,0.3395
335,Technology,609463.98,0.0237,0.4194
336,Technology,723581.74,0.0174,0.4126
337,Retail,3695891.92,0.0286,0.3903
338,Real Estate,516022.15,0.033,0.3622
339,Healthcare,634681.92,0.01,0.4524
340,Technology,1252338.94,0.019,0.4828
341,Healthcare,1308537.61,0.0277,0.3758
342,Healthcare,1396701.92,0.0211,0.3694
343,Technology,900751.03,0.0199,0.4246
344,Energy,216554.18,0.0234,0.3821
345,Energy,1996178.63,0.0251,0.393
346,Healthcare,215976.24,0.0202,0.437
347,Healthcare,688388.32,0.0133,0.3045
348,Technology,295545.87,0.0256,0.4659
349,Energy,513337.77,0.0293,0.4036
350,Healthcare,702928.13,0.0209,0.3794
351,Healthcare,698776.18,0.0198,0.3955
352,Retail,757316.55,0.0301,0.3981
353,Real Estate,1964933.61,0.0447,0.3134
354,Technology,776713.97,0.023,0.4747
355,Technology,444486.38,0.0182,0.4021
356,Healthcare,1168544.76,0.0157,0.4222
357,Technology,1399431.15,0.0205,0.4476
358,Healthcare,202382.3,0.0242,0.3489
359,Retail,871455.48,0.0226,0.4237
360,Healthcare,946889.99,0.0121,0.3866
361,Energy,425895.46,0.026,0.4423
362,Healthcare,1624264.17,0.0182,0.2936
363,Healthcare,479239.39,0.0187,0.395
364,Healthcare,597471.08,0.019,0.3699
365,Retail,470495.91,0.0287,0.4216
366,Energy,547141.78,0.0339,0.4235
367,Retail,224803.04,0.0204,0.3646
368,Retail,170750.6,0.025,0.3644
369,Technology,1934973.23,0.0195,0.3945
370,Technology,274424.35,0.0118,0.3552
371,Technology,244479.35,0.0191,0.4421
372,Technology,100000.0,0.0283,0.3815
373,Technology,324107.52,0.0201,0.2547
374,Real Estate,187498.88,0.0416,0.3813
375,Technology,2009933.37,0.0137,0.3481
376,Energy,1212086.33,0.0213,0.3184
377,Retail,311601.29,0.0277,0.3381
378,Technology,3275393.74,0.0184,0.4055
379,Retail,1185188.5,0.0377,0.4664
380,Energy,416705.45,0.0283,0.4157
381,Technology,100000.0,0.0144,0.3697
382,Real Estate,3377863.81,0.0417,0.4228
383,Healthcare,177787.1,0.02,0.377
384,Retail,144882.88,0.0368,0.3653
385,Real Estate,1224516.15,0.05,0.3423
386,Retail,3804906.31,0.0239,0.3124
387,Energy,1635433.16,0.0201,0.3805
388,Technology,848416.79,0.0137,0.4079
389,Real Estate,869612.92,0.0384,0.3952
390,Retail,1069532.77,0.0328,0.3792
391,Retail,991667.23,0.0359,0.3527
392,Energy,676679.58,0.0245,0.4304
393,Energy,587341.02,0.0231,0.3341
394,Real Estate,513972.73,0.0411,0.4388
395,Energy,295619.47,0.02,0.3499
396,Retail,431688.67,0.0425,0.3624
397,Retail,139474.15,0.0204,0.3267
398,Energy,499482.73,0.0261,0.3749
399,Real Estate,245027.84,0.05,0.4488
400,Real Estate,223491.47,0.04,0.4258
401,Technology,624006.04,0.019,0.4489
402,Retail,1645577.31,0.0279,0.4261
403,Healthcare,1126530.69,0.0173,0.3448
404,Retail,153829.41,0.0382,0.3835
405,Energy,244824.64,0.0117,0.361
406,Retail,1146950.17,0.0392,0.4665
407,Energy,246227.23,0.0165,0.3402
408,Technology,451483.22,0.0187,0.4447
409,Retail,839063.51,0.0274,0.4446
410,Technology,249028.95,0.0229,0.4915
411,Energy,587893.1,0.0154,0.3795
412,Retail,185865.69,0.0328,0.4356
413,Retail,334003.21,0.0421,0.5141
414,Healthcare,697896.12,0.0125,0.3691
415,Healthcare,151086.08,0.0188,0.3232
416,Energy,768641.38,0.021,0.306
417,Energy,531942.01,0.0276,0.4356
418,Energy,840701.52,0.0251,0.3058
419,Real Estate,646372.54,0.0355,0.3814
420,Real Estate,1609304.0,0.0434,0.4219
421,Real Estate,597302.88,0.05,0.4093
422,Real Estate,383262.56,0.0387,0.4213
423,Technology,595905.87,0.0236,0.4111
424,Healthcare,834542.06,0.0128,0.4639
425,Technology,561904.99,0.0152,0.3524
426,Healthcare,558200.42,0.0199,0.3662
427,Energy,308169.94,0.0339,0.3614
428,Retail,317959.49,0.0321,0.4415
429,Energy,175943.07,0.0231,0.445
430,Technology,2190546.02,0.02,0.4226
431,Technology,199767.49,0.0137,0.4592
432,Real Estate,310418.24,0.0442,0.3411
433,Healthcare,304149.36,0.0215,0.4834
434,Technology,1105645.08,0.0177,0.4762
435,Technology,426786.97,0.0176,0.4368
436,Real Estate,1466213.31,0.0419,0.4891
437,Technology,315277.19,0.0178,0.3172
438,Retail,675491.15,0.0296,0.3738
439,Real Estate,276986.03,0.05,0.3632
440,Technology,3005995.35,0.0188,0.4361
441,Technology,208964.84,0.0182,0.3475
442,Retail,692356.7,0.0261,0.4379
443,Energy,897188.72,0.0295,0.4685
444,Energy,752411.96,0.0239,0.4348
445,Retail,465920.3,0.0261,0.4142
446,Retail,487060.41,0.0379,0.3506
447,Retail,559640.1,0.0385,0.3577
448,Real Estate,480411.54,0.0358,0.4625
449,Energy,1168350.28,0.0138,0.439
450,Technology,3167389.8,0.025,0.398
451,Real Estate,345935.14,0.0352,0.3791
452,Healthcare,180621.26,0.0212,0.2987
453,Energy,503517.81,0.0132,0.3465
454,Retail,4255690.0,0.0354,0.4956
455,Technology,284093.97,0.0139,0.336
456,Healthcare,2005278.36,0.0209,0.4095
457,Technology,2068140.91,0.0201,0.4504
458,Healthcare,347017.12,0.0142,0.3373
459,Technology,851867.66,0.018,0.4092
460,Technology,1988154.34,0.0234,0.4469
461,Technology,398992.46,0.0205,0.4006
462,Healthcare,459151.6,0.0203,0.5434
463,Real Estate,339305.2,0.05,0.3166
464,Healthcare,239952.1,0.0117,0.4529
465,Retail,321443.79,0.0397,0.3914
466,Energy,202976.97,0.0256,0.4386
467,Energy,555301.66,0.0196,0.4221
468,Retail,291857.64,0.022,0.3633
469,Technology,651497.43,0.0191,0.4114
470,Retail,155637.29,0.0355,0.3071
471,Technology,704120.08,0.0194,0.4302
472,Retail,1052651.91,0.0391,0.4149
473,Technology,109645.91,0.0127,0.4319
474,Retail,728866.05,0.0299,0.4529
475,Healthcare,1442856.22,0.013,0.4184
476,Retail,205312.23,0.0322,0.4074
477,Technology,2059673.25,0.0244,0.3559
478,Healthcare,755560.55,0.0163,0.3644
479,Retail,307426.25,0.0144,0.4593
480,Healthcare,516786.31,0.0188,0.4718
481,Healthcare,844636.41,0.0197,0.3881
482,Real Estate,574240.92,0.0428,0.4023
483,Healthcare,831515.15,0.0229,0.3548
484,Healthcare,258709.51,0.0137,0.4586
485,Healthcare,618769.84,0.0207,0.4333
486,Retail,174386.33,0.0372,0.4971
487,Technology,494359.94,0.0111,0.3561
488,Energy,262202.89,0.0269,0.3811
489,Retail,300011.49,0.027,0.4116
490,Retail,1452612.97,0.0295,0.4323
491,Healthcare,1293740.38,0.0194,0.3892
492,Healthcare,879677.37,0.0161,0.3564
493,Energy,225516.77,0.0209,0.4441
494,Technology,419522.84,0.0202,0.4361
495,Healthcare,1426134.45,0.0137,0.3542
496,Energy,605235.87,0.0185,0.4678
497,Healthcare,3455451.31,0.0207,0.4585
498,Technology,740184.14,0.0143,0.4067
499,Retail,630103.45,0.034,0.404
500,Retail,421977.31,0.0328,0.4277
501,Real Estate,601290.06,0.0279,0.3569
502,Healthcare,478314.68,0.0153,0.4015
503,Energy,952158.64,0.0322,0.2924
504,Retail,1161661.49,0.0241,0.4438
505,Real Estate,288141.92,0.0367,0.3219
506,Technology,186281.39,0.0223,0.4752
507,Retail,124372.42,0.0347,0.3835
508,Retail,811299.91,0.0285,0.3894
509,Retail,223531.3,0.0264,0.3686
510,Real Estate,100000.0,0.05,0.3856
511,Healthcare,737383.13,0.025,0.4709
512,Energy,3970488.19,0.0309,0.2756
513,Retail,537746.89,0.0305,0.4638
514,Retail,1056838.67,0.0252,0.4169
515,Technology,576922.65,0.0158,0.3396
516,Technology,499262.99,0.0226,0.3462
517,Energy,1127215.72,0.0275,0.4838
518,Retail,428386.18,0.0384,0.3527
519,Retail,669250.6,0.0339,0.3423
520,Technology,698966.61,0.0125,0.4569
521,Healthcare,316642.18,0.0222,0.4169
522,Energy,1194972.68,0.019,0.3531
523,Retail,469785.83,0.0277,0.4108
524,Retail,295198.67,0.0315,0.3487
525,Retail,830022.32,0.042,0.455
526,Healthcare,263346.42,0.0304,0.4531
527,Energy,552685.79,0.0286,0.4266
528,Energy,536437.21,0.0239,0.4181
529,Technology,1288148.47,0.0227,0.4881
530,Retail,789976.59,0.0353,0.4
531,Retail,529653.57,0.0281,0.3409
532,Retail,1039461.18,0.0408,0.4225
533,Retail,1643216.3,0.0314,0.5043
534,Healthcare,844287.41,0.02,0.3493
535,Real Estate,544858.88,0.0447,0.3819
536,Retail,189194.53,0.0325,0.4208
537,Retail,230477.63,0.035,0.3973
538,Technology,423293.15,0.0169,0.3509
539,Healthcare,331834.04,0.0158,0.4561
540,Technology,465293.17,0.0145,0.516
541,Retail,565417.65,0.0326,0.4098
542,Healthcare,825507.98,0.0211,0.3548
543,Technology,510732.36,0.0223,0.3226
544,Real Estate,797471.45,0.05,0.4129
545,Healthcare,568968.03,0.018,0.4552
546,Energy,111260.19,0.029,0.4238
547,Technology,254875.81,0.0145,0.3999
548,Real Estate,481532.96,0.0373,0.3705
549,Healthcare,205303.41,0.0208,0.3454
550,Real Estate,873220.15,0.0459,0.4417
551,Healthcare,1838757.57,0.0168,0.4457
552,Retail,1432611.39,0.0296,0.3227
553,Healthcare,455543.14,0.0119,0.4795
554,Healthcare,1780813.62,0.0166,0.4287
555,Retail,608610.62,0.0353,0.47
556,Energy,412640.17,0.0285,0.3329
557,Technology,330802.85,0.0225,0.3317
558,Technology,424227.12,0.0202,0.3926
559,Real Estate,396114.48,0.04,0.4251
560,Healthcare,619292.5,0.0154,0.4898
561,Real Estate,614435.47,0.0449,0.4353
562,Technology,541683.31,0.0221,0.3879
563,Technology,766469.77,0.0225,0.3487
564,Technology,1400748.12,0.0174,0.4615
565,Energy,1155037.43,0.0121,0.3518
566,Healthcare,164733.06,0.0224,0.4814
567,Energy,100000.0,0.0221,0.3858
568,Energy,1141045.98,0.0198,0.4795
569,Retail,181044.3,0.0342,0.4339
570,Energy,451435.45,0.0226,0.3932
571,Healthcare,211908.44,0.0222,0.374
572,Real Estate,127824.77,0.0443,0.383
573,Energy,833317.65,0.0291,0.4214
574,Healthcare,991846.99,0.0125,0.4039
575,Retail,340711.61,0.0373,0.3703
576,Retail,100000.0,0.0316,0.3917
577,Technology,349061.86,0.0182,0.4039
578,Retail,739288.27,0.0309,0.2936
579,Healthcare,165523.88,0.0109,0.4229
580,Energy,625738.57,0.0275,0.351
581,Healthcare,533786.98,0.0139,0.3423
582,Retail,858921.83,0.0219,0.3156
583,Healthcare,594611.95,0.0119,0.3103
584,Energy,248089.5,0.0317,0.3322
585,Healthcare,1407403.68,0.0155,0.3645
586,Technology,476001.53,0.0277,0.4977
587,Technology,528689.39,0.0173,0.3737
588,Technology,256115.97,0.0115,0.4089
589,Technology,379031.35,0.0144,0.42
590,Technology,266241.17,0.0262,0.4066
591,Technology,470543.25,0.0192,0.3961
592,Healthcare,2125179.41,0.0158,0.3402
593,Technology,180318.33,0.0208,0.4725
594,Energy,148620.43,0.028,0.4904
595,Retail,1753170.22,0.0367,0.3159
596,Healthcare,457046.79,0.0238,0.3488
597,Real Estate,316393.45,0.0375,0.386
598,Technology,1241615.3,0.0134,0.3518
599,Technology,332870.09,0.0179,0.4253
600,Technology,2328669.82,0.0213,0.3636
601,Technology,929442.94,0.0152,0.5083
602,Energy,365737.4,0.0193,0.4595
603,Technology,3035378.15,0.0217,0.4106
604,Technology,332843.62,0.0198,0.4513
605,Technology,978402.38,0.0202,0.4553
606,Healthcare,686549.81,0.015,0.3718
607,Technology,1530940.84,0.0188,0.3592
608,Energy,1884567.59,0.0195,0.4039
609,Healthcare,554378.71,0.0216,0.4431
610,Real Estate,295748.79,0.0472,0.407
611,Technology,780724.58,0.0108,0.3212
612,Real Estate,314213.42,0.0335,0.3599
613,Healthcare,2705263.28,0.012,0.3963
614,Technology,602732.2,0.0167,0.3962
615,Retail,403423.74,0.0295,0.4986
616,Retail,626399.89,0.0213,0.3307
617,Technology,183927.87,0.0154,0.4253
618,Energy,248378.42,0.019,0.4745
619,Retail,1411736.59,0.0312,0.5136
620,Real Estate,319491.06,0.0405,0.3798
621,Technology,233858.43,0.0164,0.4246
622,Technology,830117.22,0.0209,0.4285
623,Energy,1395220.92,0.0217,0.4098
624,Healthcare,960455.23,0.0169,0.3951
625,Healthcare,1198807.83,0.0247,0.4218
626,Energy,294950.83,0.033,0.2734
627,Healthcare,173260.49,0.0128,0.4341
628,Real Estate,1795989.93,0.0458,0.4063
629,Technology,417423.31,0.0241,0.3889
630,Energy,442118.66,0.0181,0.5023
631,Real Estate,1563684.28,0.0457,0.3663
632,Retail,843220.7,0.0392,0.3798
633,Healthcare,778177.73,0.0135,0.4996
634,Healthcare,3054119.45,0.0143,0.3584
635,Technology,322928.24,0.0251,0.3725
636,Energy,1135146.3,0.0266,0.3926
637,Healthcare,565581.96,0.0202,0.442
638,Technology,669893.37,0.0217,0.4104
639,Energy,1835403.2,0.0273,0.3354
640,Energy,811198.94,0.017,0.3734
641,Technology,831209.26,0.0252,0.3696
642,Energy,1274425.27,0.032,0.3961
643,Technology,403542.79,0.0189,0.4213
644,Energy,276131.44,0.0247,0.4209
645,Technology,234251.98,0.0123,0.3112
646,Retail,112074.01,0.0331,0.4532
647,Healthcare,2799540.08,0.0203,0.4126
648,Real Estate,223559.6,0.0396,0.4692
649,Real Estate,452705.51,0.0479,0.4222
650,Healthcare,433024.4,0.0167,0.4551
651,Technology,691020.91,0.0228,0.4233
652,Healthcare,1037775.22,0.0139,0.4673
653,Healthcare,1075588.8,0.0179,0.4261
654,Real Estate,338926.33,0.0388,0.3951
655,Energy,472740.85,0.0264,0.5136
656,Technology,677431.66,0.0182,0.4445
657,Energy,442876.89,0.0242,0.4287
658,Energy,1954952.51,0.03,0.3362
659,Healthcare,800330.43,0.0163,0.3356
660,Healthcare,972769.3,0.0116,0.4146
661,Energy,918323.51,0.0355,0.4073
662,Retail,1381636.31,0.0383,0.3693
663,Healthcare,624569.1,0.0128,0.407
664,Technology,191479.2,0.0234,0.4794
665,Technology,743965.81,0.0175,0.4348
666,Technology,320909.52,0.0213,0.3429
667,Technology,354019.28,0.0215,0.3944
668,Technology,863795.4,0.0188,0.3598
669,Technology,1455160.06,0.0161,0.3806
670,Energy,549639.16,0.0209,0.3793
671,Technology,691809.85,0.0154,0.3761
672,Retail,2109100.17,0.025,0.3372
673,Technology,655138.89,0.0197,0.3936
674,Healthcare,4331162.29,0.0151,0.372
675,Energy,849503.82,0.0291,0.2535
676,Retail,132109.95,0.0389,0.5026
677,Technology,987244.79,0.0171,0.4544
678,Energy,733018.86,0.0264,0.3812
679,Retail,1516328.03,0.033,0.4009
680,Retail,925921.82,0.0328,0.3414
681,Retail,483707.28,0.0305,0.4848
682,Energy,202918.85,0.0295,0.4949
683,Technology,457156.65,0.0224,0.4078
684,Real Estate,273644.1,0.0313,0.4512
685,Retail,339619.53,0.0352,0.4088
686,Healthcare,865326.98,0.0215,0.3332
687,Healthcare,2055281.96,0.0149,0.3794
688,Energy,740986.16,0.0252,0.4066
689,Real Estate,207584.46,0.0448,0.3773
690,Technology,771183.89,0.019,0.3891
691,Energy,1407471.22,0.0314,0.3954
692,Energy,331762.18,0.0392,0.396
693,Healthcare,485428.01,0.0149,0.4026
694,Technology,546751.98,0.0131,0.347
695,Technology,288393.56,0.0215,0.3641
696,Healthcare,907659.28,0.0209,0.3358
697,Energy,490529.88,0.0236,0.4489
698,Healthcare,755870.96,0.0238,0.2947
699,Technology,265668.95,0.0133,0.4577
700,Healthcare,380801.44,0.0208,0.4693
701,Healthcare,963092.83,0.0156,0.3849
702,Technology,401006.73,0.0286,0.2698
703,Energy,2151274.64,0.037,0.3819
704,Technology,392499.7,0.0162,0.3968
705,Technology,646771.14,0.0173,0.3495
706,Retail,1139468.71,0.0352,0.3742
707,Energy,173738.65,0.0227,0.4765
708,Retail,132105.08,0.0297,0.4332
709,Energy,159448.29,0.0252,0.3538
710,Real Estate,1483726.35,0.0266,0.3201
711,Real Estate,347497.75,0.0399,0.3836
712,Healthcare,4183084.41,0.0152,0.3893
713,Healthcare,344070.52,0.016,0.4248
714,Energy,626335.25,0.0337,0.3732
715,Energy,1855543.05,0.0175,0.4256
716,Retail,2689522.73,0.0349,0.4968
717,Retail,2811427.34,0.0283,0.4408
718,Retail,1420746.48,0.0283,0.3976
719,Technology,1225978.7,0.024,0.3908
720,Real Estate,868064.73,0.0424,0.3822
721,Retail,1007204.13,0.0334,0.459
722,Technology,347684.74,0.0248,0.3686
723,Technology,280812.06,0.0183,0.4023
724,Real Estate,538908.15,0.0357,0.4026
725,Healthcare,471583.9,0.0137,0.3749
726,Retail,376027.5,0.025,0.3314
727,Technology,943272.0,0.0347,0.4161
728,Real Estate,1160363.84,0.0487,0.3969
729,Technology,579966.43,0.0132,0.425
730,Technology,1762112.74,0.0134,0.3733
731,Technology,216782.26,0.0224,0.461
732,Retail,462810.25,0.0333,0.3562
733,Real Estate,304535.26,0.0438,0.4856
734,Healthcare,121390.84,0.017,0.3126
735,Energy,505779.18,0.0242,0.4217
736,Retail,490216.3,0.032,0.4238
737,Energy,1813482.87,0.0255,0.3602
738,Retail,895062.97,0.0167,0.4212
739,Energy,238148.7,0.0236,0.464
740,Energy,2381578.48,0.0199,0.2892
741,Healthcare,1435217.49,0.0187,0.4251
742,Energy,860852.25,0.0429,0.2753
743,Real Estate,450815.17,0.0426,0.3517
744,Healthcare,250809.41,0.0167,0.4815
745,Technology,401207.72,0.0246,0.3709
746,Retail,1291091.96,0.0329,0.3413
747,Energy,2440391.52,0.0275,0.3901
748,Healthcare,1857226.53,0.0204,0.5034
749,Retail,365463.05,0.0423,0.3084
750,Healthcare,220644.05,0.0135,0.3474
751,Technology,604833.81,0.0224,0.4749
752,Retail,131301.11,0.0244,0.4929
753,Healthcare,699789.02,0.0202,0.3948
754,Energy,480180.78,0.0195,0.338
755,Technology,372194.11,0.0179,0.5048
756,Real Estate,150879.62,0.0379,0.4797
757,Healthcare,814948.41,0.0219,0.4339
758,Healthcare,352864.47,0.0217,0.3594
759,Retail,211941.7,0.0225,0.3975
760,Real Estate,100000.0,0.0404,0.392
761,Technology,528600.42,0.0165,0.4165
762,Energy,2230644.86,0.0174,0.4726
763,Technology,2041116.2,0.0189,0.444
764,Real Estate,374865.66,0.0378,0.3461
765,Technology,333777.66,0.0321,0.4688
766,Healthcare,786241.6,0.0197,0.4157
767,Real Estate,243115.43,0.0304,0.4344
768,Retail,687923.91,0.0266,0.4733
769,Energy,997357.16,0.0311,0.3444
770,Retail,1442007.18,0.0425,0.3982
771,Technology,498758.23,0.0121,0.3734
772,Retail,459117.29,0.0187,0.3216
773,Technology,267697.78,0.0294,0.4173
774,Energy,278868.53,0.0273,0.5256
775,Real Estate,450817.05,0.0339,0.308
776,Technology,724974.97,0.0227,0.3984
777,Technology,1122274.18,0.01,0.432
778,Real Estate,284206.63,0.04,0.4062
779,Real Estate,1783611.6,0.0423,0.3943
780,Healthcare,434999.92,0.0217,0.335
781,Real Estate,531206.53,0.0329,0.4116
782,Healthcare,297220.82,0.0183,0.3622
783,Energy,100000.0,0.0194,0.2905
784,Energy,1096064.2,0.0265,0.4597
785,Technology,974300.56,0.0155,0.4479
786,Retail,431463.4,0.0276,0.4026
787,Healthcare,570114.54,0.014,0.4115
788,Energy,816474.84,0.0289,0.4537
789,Healthcare,154811.47,0.0214,0.4112
790,Retail,353895.82,0.0286,0.4452
791,Technology,1020100.53,0.0202,0.3851
792,Healthcare,198108.17,0.0122,0.4656
793,Healthcare,683407.33,0.0168,0.416
794,Healthcare,182541.82,0.0178,0.4097
795,Technology,784768.45,0.0331,0.3365
796,Retail,525175.0,0.0233,0.4143
797,Retail,148433.83,0.0388,0.3584
798,Healthcare,1372015.64,0.022,0.3681
799,Real Estate,300236.79,0.042,0.3592
800,Retail,282602.91,0.0406,0.3467
801,Real Estate,634412.95,0.0426,0.5062
802,Technology,1354455.22,0.0219,0.4666
803,Healthcare,239747.73,0.0178,0.496
804,Healthcare,567697.44,0.0229,0.3389
805,Energy,761505.9,0.0316,0.4036
806,Real Estate,940798.71,0.0356,0.3353
807,Retail,622284.86,0.0221,0.3652
808,Retail,402873.43,0.0288,0.3541
809,Healthcare,278710.2,0.0148,0.462
810,Technology,578917.41,0.0197,0.3802
811,Retail,229185.91,0.0374,0.4534
812,Retail,100000.0,0.0273,0.4302
813,Technology,766237.8,0.0198,0.5152
814,Retail,1113643.77,0.0303,0.326
815,Retail,100000.0,0.0351,0.463
816,Healthcare,240918.85,0.01,0.4573
817,Healthcare,886754.47,0.0156,0.3513
818,Energy,2802426.97,0.0263,0.4504
819,Technology,549429.07,0.026,0.4168
820,Energy,301823.49,0.022,0.3886
821,Retail,466812.45,0.0187,0.3588
822,Technology,1623185.5,0.0231,0.364
823,Energy,322296.97,0.0212,0.5025
824,Energy,285114.57,0.0179,0.4
825,Healthcare,367252.6,0.0155,0.4391
826,Retail,252038.5,0.0289,0.3605
827,Energy,596083.63,0.0214,0.361
828,Energy,1982249.3,0.0118,0.4541
829,Real Estate,699739.51,0.0463,0.3325
830,Healthcare,441581.2,0.0231,0.3792
831,Technology,427859.86,0.0233,0.4017
832,Healthcare,154731.61,0.0134,0.4056
833,Technology,1095244.1,0.019,0.391
834,Technology,507742.77,0.02,0.4198
835,Healthcare,467715.77,0.0204,0.4346
836,Energy,5000000.0,0.029,0.4367
837,Retail,686253.47,0.0256,0.3507
838,Energy,296133.95,0.0255,0.3858
839,Healthcare,384198.23,0.0198,0.4597
840,Healthcare,1354247.58,0.0238,0.4447
841,Technology,591617.94,0.0235,0.3314
842,Real Estate,170992.95,0.0455,0.4176
843,Technology,1127353.21,0.0204,0.3011
844,Retail,316628.59,0.0385,0.4023
845,Technology,2418451.99,0.022,0.4949
846,Energy,1282136.59,0.0198,0.3526
847,Technology,377808.41,0.027,0.3583
848,Retail,1505767.19,0.0342,0.4382
849,Healthcare,570509.11,0.0162,0.3229
850,Healthcare,1068983.7,0.0161,0.3684
851,Technology,796343.78,0.0215,0.4298
852,Real Estate,274557.14,0.0432,0.3683
853,Technology,322920.08,0.021,0.3882
854,Retail,1231777.31,0.0319,0.4372
855,Technology,413403.64,0.0285,0.4211
856,Technology,391241.87,0.0254,0.4133
857,Technology,251677.03,0.021,0.383
858,Healthcare,758334.04,0.0218,0.4185
859,Healthcare,2813725.42,0.0139,0.3938
860,Technology,230031.99,0.022,0.4229
861,Real Estate,550936.9,0.05,0.3752
862,Healthcare,1672410.31,0.0171,0.3909
863,Healthcare,507010.45,0.0146,0.3505
864,Energy,775991.96,0.0211,0.3982
865,Energy,230979.72,0.0185,0.3594
866,Healthcare,761195.63,0.0149,0.3443
867,Technology,465228.79,0.0181,0.4129
868,Technology,1188953.42,0.013,0.4106
869,Retail,1397099.47,0.0301,0.4391
870,Retail,4289372.09,0.0354,0.3784
871,Energy,859156.64,0.0196,0.4204
872,Energy,701262.14,0.0341,0.4275
873,Healthcare,631281.68,0.02,0.4222
874,Energy,407365.85,0.0312,0.3587
875,Technology,708416.22,0.0167,0.4075
876,Technology,426632.76,0.0243,0.4182
877,Real Estate,618324.56,0.0324,0.4004
878,Real Estate,1550484.51,0.0462,0.2957
879,Technology,241534.1,0.0209,0.408
880,Technology,1344997.68,0.0228,0.5106
881,Technology,1549886.18,0.0141,0.382
882,Real Estate,491661.22,0.0337,0.3636
883,Technology,100000.0,0.023,0.4187
884,Technology,332283.04,0.0153,0.4156
885,Real Estate,1525138.28,0.0432,0.4596
886,Technology,530569.14,0.0132,0.3371
887,Real Estate,242937.19,0.0459,0.4366
888,Technology,360836.44,0.0138,0.4295
889,Technology,1058640.42,0.0228,0.3929
890,Technology,836838.9,0.0231,0.4169
891,Real Estate,446348.06,0.0351,0.4515
892,Retail,402939.0,0.0335,0.4436
893,Retail,394981.21,0.0316,0.3428
894,Energy,258350.34,0.0218,0.441
895,Real Estate,1967551.73,0.0329,0.3968
896,Technology,417543.34,0.0102,0.4036
897,Energy,1430775.0,0.0271,0.4037
898,Retail,1824931.19,0.0206,0.3925
899,Technology,1200980.32,0.0205,0.4596
900,Technology,382584.09,0.0187,0.3958
901,Technology,746375.48,0.0234,0.344
902,Technology,530005.95,0.0185,0.3803
903,Technology,262246.06,0.0184,0.4089
904,Healthcare,700456.42,0.0209,0.4615
905,Energy,210400.51,0.027,0.4302
906,Retail,1397427.37,0.0319,0.3575
907,Retail,372616.93,0.0328,0.5243
908,Energy,634712.69,0.0158,0.4132
909,Energy,677815.43,0.0295,0.4638
910,Energy,439272.85,0.0287,0.3924
911,Healthcare,864023.32,0.0139,0.4267
912,Energy,369563.21,0.0235,0.442
913,Healthcare,1084942.81,0.0178,0.4609
914,Energy,184096.67,0.0242,0.4529
915,Healthcare,597855.08,0.0193,0.4436
916,Energy,2548825.44,0.0336,0.3842
917,Energy,242737.27,0.0315,0.3714
918,Retail,314205.98,0.0221,0.4166
919,Real Estate,815149.07,0.0444,0.4467
920,Technology,623850.12,0.0266,0.3889
921,Retail,715333.45,0.0323,0.4533
922,Healthcare,799186.57,0.0224,0.4726
923,Retail,897866.95,0.0421,0.3542
924,Real Estate,1312914.29,0.0472,0.3582
925,Energy,750019.83,0.0265,0.393
926,Technology,445518.42,0.0252,0.4154
927,Energy,925471.82,0.0259,0.3738
928,Healthcare,2470436.83,0.0181,0.4676
929,Healthcare,485965.54,0.0166,0.4212
930,Energy,247799.83,0.0344,0.402
931,Technology,1310166.17,0.0159,0.3282
932,Retail,490752.43,0.0392,0.3342
933,Retail,100000.0,0.033,0.4141
934,Healthcare,1064416.52,0.0124,0.2934
935,Technology,352123.57,0.0218,0.4506
936,Energy,502611.8,0.0124,0.3921
937,Technology,704740.03,0.0231,0.5622
938,Retail,629322.89,0.0353,0.5154
939,Technology,953182.3,0.017,0.3909
940,Healthcare,381402.64,0.0185,0.3947
941,Energy,814626.2,0.0367,0.4498
942,Healthcare,439047.4,0.016,0.4852
943,Real Estate,975834.6,0.0326,0.3181
944,Retail,884072.18,0.0389,0.3107
945,Technology,255671.59,0.0298,0.3689
946,Technology,1288237.67,0.02,0.4291
947,Technology,351944.67,0.0251,0.4248
948,Retail,1031419.16,0.038,0.4535
949,Retail,724929.62,0.0255,0.34
950,Healthcare,2351459.93,0.0161,0.2842
951,Healthcare,451904.98,0.0229,0.4429
952,Real Estate,408622.31,0.05,0.3586
953,Technology,532034.87,0.0228,0.2991
954,Retail,423986.19,0.0247,0.4073
955,Energy,1024744.14,0.0369,0.4397
956,Energy,148293.92,0.0218,0.3939
957,Healthcare,232595.01,0.0167,0.3771
958,Technology,229982.31,0.0217,0.392
959,Technology,1155733.86,0.0278,0.3815
960,Real Estate,2123318.38,0.046,0.3326
961,Technology,497047.38,0.0221,0.3643
962,Healthcare,472098.35,0.0199,0.4261
963,Technology,571512.56,0.0202,0.4161
964,Energy,1368878.9,0.0283,0.4084
965,Energy,257330.75,0.01,0.3502
966,Energy,653890.5,0.0232,0.3909
967,Real Estate,1178977.51,0.0417,0.2911
968,Energy,806835.7,0.0181,0.4089
969,Healthcare,628860.85,0.0195,0.4714
970,Healthcare,1203611.13,0.0172,0.3263
971,Real Estate,100000.0,0.05,0.3707
972,Retail,929405.35,0.0394,0.4165
973,Real Estate,320212.29,0.0367,0.4626
974,Technology,124928.1,0.0192,0.3776
975,Technology,813386.83,0.0196,0.3654
976,Energy,1621604.8,0.0223,0.3016
977,Healthcare,484097.3,0.0188,0.4052
978,Technology,1158109.67,0.0162,0.5021
979,Healthcare,1962682.28,0.0135,0.4139
980,Healthcare,1547160.02,0.0205,0.3989
981,Energy,2006638.76,0.0288,0.4161
982,Real Estate,978427.52,0.0344,0.3994
983,Technology,573978.32,0.0245,0.3593
984,Technology,150005.52,0.0168,0.4412
985,Real Estate,443809.2,0.0418,0.4113
986,Healthcare,275241.1,0.0213,0.4009
987,Real Estate,3068668.08,0.0398,0.3512
988,Energy,469437.92,0.0277,0.4652
989,Technology,596338.56,0.0174,0.4332
990,Retail,840026.15,0.0288,0.3724
991,Real Estate,559546.52,0.0386,0.4501
992,Real Estate,2097047.23,0.0348,0.3751
993,Energy,328364.82,0.0239,0.3609
994,Healthcare,631394.39,0.0118,0.362
995,Energy,298350.29,0.0221,0.3114
996,Technology,187959.54,0.0186,0.4236
997,Retail,331235.45,0.0285,0.3084
998,Technology,524589.1,0.0188,0.3386
999,Retail,383294.24,0.0296,0.2962
1000,Energy,310538.52,0.0279,0.3957
